"ID","Nombre de la Unidad Económica","Razón social","Código de la clase de actividad SCIAN","Nombre de clase de la actividad","Descripcion estrato personal ocupado","Tipo de vialidad","Nombre de la vialidad","Tipo de entre vialidad 1","Nombre de entre vialidad 1","Tipo de entre vialidad 2","Nombre de entre vialidad 2","Tipo de entre vialidad 3","Nombre de entre vialidad 3","Número exterior o kilómetro","Letra exterior","Edificio","Edificio Piso","Número interior","Letra interior","Tipo de asentamiento humano","Nombre de asentamiento humano","Tipo centro comercial","Corredor industrial, centro comercial o mercado público","Número de local","Código Postal","Clave entidad","Entidad federativa","Clave municipio","Municipio","Clave localidad","Localidad","Área geoestadística básica ","Manzana","Número de teléfono","Correo electrónico","Sitio en Internet","Tipo de establecimiento","Latitud","Longitud","Fecha de incorporación al DENUE"
"7737194","BODEGA TEXTILES ZAVALA",,"314993","Fabricación de productos textiles reciclados","6 a 10 personas","CALLE","BATALLA DE CASABLANCA","CALLE","16 DE MARZO DE 1861","CALLE","15 DE JUNIO DE 1861","CALLE","BATALLA DE CALPULALPAN","1926",,,,,,"COLONIA","LEYES DE REFORMA 3RA SECCION",,,,"09310","09","CIUDAD DE MÉXICO","007","Iztapalapa","0001","Iztapalapa","0214","007",,,,"Fijo","19.37985352","-99.06415076","2019-11"
"6306377","FABRICACIÓN DE PRODUCTOS TEXTILES RECICLADOS","FAUSTO SUAREZ SA DE CV","314993","Fabricación de productos textiles reciclados","51 a 100 personas","EJE VIAL","5 NORTE (MONTEVIDEO)","CALLE","NORTE 35","PRIVADA","NORTE 27A","CALLE","PONIENTE 134","485",,,,"0",,"COLONIA","LINDAVISTA VALLEJO",,,,"07720","09","CIUDAD DE MÉXICO","005","Gustavo A. Madero","0001","Gustavo A. Madero","0883","001",,"CONTABILIDAD@FAUSTOSUAREZ.COM.MX","WWW.FAUSTOSUAREZ.COM.MX","Fijo","19.49449891","-99.15178319","2010-07"
"8999947","MAQUILADORA DE JERGAS",,"314993","Fabricación de productos textiles reciclados","0 a 5 personas","CALLE","MOCTEZUMA","CALLE","MOCTEZUMA","CALLE","DALIA","CALLE","PINO","41",,,,,,"COLONIA","PUEBLO SANTIAGO ACAHUALTEPEC",,,,"09600","09","CIUDAD DE MÉXICO","007","Iztapalapa","0001","Iztapalapa","2564","001",,,,"Fijo","19.35223388","-99.00549935","2019-11"
"6713341","ROQUE INTERNACIONAL","ROQUE INTERNACIONAL, S.A. DE C.V. ","314993","Fabricación de productos textiles reciclados","0 a 5 personas","CALLE","IGNACIO ALLENDE",,,"OTRO (ESPECIFIQUE)",,,"SELECCIONE UNA OPCIÓN",,,,,"55",,"COLONIA","PUEBLO SAN JUAN DE ARAGON",,,,"07969","09","CIUDAD DE MÉXICO","005","Gustavo A. Madero","0001","Gustavo A. Madero","2127","014",,,,"Fijo","19.467385","-99.08922421","2016-01"
"6862425","SILEMAQ","SILEMAQ SA DE CV","314993","Fabricación de productos textiles reciclados","0 a 5 personas","AVENIDA","CHAPULTEPEC","CALLE","VERSALLES","CALLE","DINAMARCA","CALLE","DINAMARCA","157",,,,"601",,"COLONIA","JUAREZ",,,,"06600","09","CIUDAD DE MÉXICO","015","Cuauhtémoc","0001","Cuauhtémoc","0841","014",,"FABRICIO@DLV.COM.MX",,"Fijo","19.42520792","-99.15704872","2019-04"
"8629315","BODEGA DE PLASTICOS SIN NOMBRE",,"325993","Fabricación de resinas de plásticos reciclados","6 a 10 personas","CALLE","EMILIANO ZAPATA","CALLE","MANUEL ÁVILA CAMACHO","CALLE","NARCISO MENDOZA","AVENIDA","HERMINIO CHAVARRÍA","36","LT 1A",,,,,"COLONIA","ZONA URBANA EJIDAL SANTA MARIA AZTAHUACAN",,,,"09500","09","CIUDAD DE MÉXICO","007","Iztapalapa","0001","Iztapalapa","1091","013","5548704631",,,"Fijo","19.35716885","-99.02936128","2019-11"
"637762","CENTRAL HULERA ALVAREZ",,"325993","Fabricación de resinas de plásticos reciclados","6 a 10 personas","CALLE","PELUQUEROS","CALLE","CARPINTERIA","AVENIDA","FERROCARRIL DE CINTURA","CALLE","PANADEROS","67",,,,"0",,"COLONIA","MORELOS",,,,"15270","09","CIUDAD DE MÉXICO","017","Venustiano Carranza","0001","Venustiano Carranza","0210","002",,,,"Fijo","19.44712282","-99.12192094","2010-07"
"822478","DEFORX","DEFORX SA DE CV","325993","Fabricación de resinas de plásticos reciclados","6 a 10 personas","CALLE","NAUTLA","CALLE","SIN REFERENCIA","AVENIDA","SAN LORENZO","CALLE","ESTRELLA","64",,,,"6",,"COLONIA","SAN JUAN XALPA",,,,"09850","09","CIUDAD DE MÉXICO","007","Iztapalapa","0001","Iztapalapa","2831","045",,"INFO@DEFORX.COM",,"Fijo","19.33378191","-99.07537836","2010-07"
"835030","ELABORACIÓN DE PLASTICOS",,"325993","Fabricación de resinas de plásticos reciclados","0 a 5 personas","CALLE","PINO SUAREZ","CALLE","CAMINO REAL A ZAPOTITLAN","CALLE","MOCTEZUMA","CALLE","IZTAPALAPA",,"SN",,,,,"COLONIA","LA POLVORILLA",,,,"09750","09","CIUDAD DE MÉXICO","007","Iztapalapa","0001","Iztapalapa","5380","016",,,,"Fijo","19.31588715","-99.04123919","2010-07"
"8631687","FABRICA DE PLASTICOSSIN NOMBRE",,"325993","Fabricación de resinas de plásticos reciclados","6 a 10 personas","CALLE","DOCTOR FRANCISCO CABRERA","CALLE","PALMAS","AVENIDA","ADALBERTO TEJEDA","CALLE","CANARIAS",,"SN",,,,,"COLONIA","GRANJAS CABRERA",,,,"13230","09","CIUDAD DE MÉXICO","011","Tláhuac","0001","Tláhuac","0058","016",,,,"Fijo","19.30093033","-99.0637279","2019-11"
"7268202","FABRICACIÓN DE RESINAS DE PLÁSTICOS RECICLADOS",,"325993","Fabricación de resinas de plásticos reciclados","0 a 5 personas","CALLE","CARLOS AUGUSTO LINDBERGH","CALZADA","GENERAL IGNACIO ZARAGOZA","CALLE","ROBERTO FIERRO","CALLE","ALBERTO BRANIFF","25",,,,,,"COLONIA","AVIACION CIVIL",,,,"15740","09","CIUDAD DE MÉXICO","017","Venustiano Carranza","0001","Venustiano Carranza","1295","023",,,,"Fijo","19.41134257","-99.07914534","2019-11"
"8139112","FABRICACIÓN DE RESINAS DE PLÁSTICOS RECICLADOS",,"325993","Fabricación de resinas de plásticos reciclados","0 a 5 personas","CALLE","MOCTEZUMA","AVENIDA","CIRCUNVALACION","CALLE","JOSE FLORES","CALLE","EJIDO","1117",,,,"0",,"COLONIA","SANTA MARIA AZTAHUACAN",,,,"09500","09","CIUDAD DE MÉXICO","007","Iztapalapa","0001","Iztapalapa","1706","007","5532108568",,,"Fijo","19.35052571","-99.02982061","2019-11"
"8306144","MANUFACTURA DE PLASTICO",,"325993","Fabricación de resinas de plásticos reciclados","6 a 10 personas","AVENIDA","IGNACIO ALDAMA","CALLE","JARDIN TULIPANES","CALLE","JARDIN PENSAMIENTOS","AVENIDA","EMILIANO ZAPATA","3","MANZANA 23",,,"0",,"COLONIA","JARDINES DE SAN LORENZO TEZONCO",,,,"09940","09","CIUDAD DE MÉXICO","007","Iztapalapa","0001","Iztapalapa","3539","003",,"POLYHONS@MSN.COM",,"Fijo","19.29413636","-99.07355258","2019-11"
"1044909","MAQUILA DE PLASTICO SIN NOMBRE",,"325993","Fabricación de resinas de plásticos reciclados","11 a 30 personas","CALLE","OLIVOS","AVENIDA","RENO","AVENIDA","TLAHUAC","CALLE","ESCORPENA","106",,,,"0",,"COLONIA","LOS OLIVOS",,,,"13210","09","CIUDAD DE MÉXICO","011","Tláhuac","0001","Tláhuac","0058","001",,,,"Fijo","19.3019621","-99.06264022","2010-07"
"844497","MAQUILADORA DE PLASTICO SIN NOMBRE",,"325993","Fabricación de resinas de plásticos reciclados","0 a 5 personas","CALLE","TEZONTLAL","CALLE","PINO","CALLE","SICOMOROS (CEDROS)","CALLE","PIRUL","10",,,,,,"COLONIA","SANJOSE BUENA VISTA",,,,"09706","09","CIUDAD DE MÉXICO","007","Iztapalapa","0001","Iztapalapa","4109","041","5554288613",,,"Fijo","19.3244871","-99.03132753","2010-07"
"841442","MATERIAS PRIMAS GAYTAN",,"325993","Fabricación de resinas de plásticos reciclados","0 a 5 personas","CALLE","JARDIN HORTENSIAS","AVENIDA","IGNACIO ALDAMA","AVENIDA","EMILIANO ZAPATA","CALLE","JARDÍN DALIAS","34","MANZANA  15",,,,,"COLONIA","JARDINES DE SAN LORENZO TEZONCO",,,,"09940","09","CIUDAD DE MÉXICO","007","Iztapalapa","0001","Iztapalapa","351A","019",,,,"Fijo","19.2961401","-99.07485473","2010-07"
"1051934","MOLINO DE PLASTICOS SIN NOMBRE",,"325993","Fabricación de resinas de plásticos reciclados","0 a 5 personas","CALLE","CALLEJON CIPRES","AVENIDA","TLAHUAC","CALLE","CIPRES","CALLE","HERNÁN CORTÉS","3",,,,,,"PUEBLO","SANTIAGO ZAPOTITLAN",,,,"13300","09","CIUDAD DE MÉXICO","011","Tláhuac","0001","Tláhuac","0039","006",,,,"Fijo","19.2977755","-99.03938065","2010-07"
"8441879","PLASTICO RALEX","PLASTICO RALEX SA DE CV","325993","Fabricación de resinas de plásticos reciclados","0 a 5 personas","CALLE","AUGUSTO RODIN","EJE VIAL","5 SUR (AVENIDA SAN ANTONIO)","CALLE","PLAZA JOSE CLEMENTE OROZCO","EJE VIAL","5 SUR (AVENIDA SAN ANTONIO)","299",,,,"4","PISO","COLONIA","CIUDAD DE LOS DEPORTES",,,,"03710","09","CIUDAD DE MÉXICO","014","Benito Juárez","0001","Benito Juárez","0562","017",,,"WWW.PLASTIMADERA.COM","Fijo","19.38494502","-99.18090292","2019-11"
"907307","PLASTICOS CRUZALEY",,"325993","Fabricación de resinas de plásticos reciclados","0 a 5 personas","CALLE","CICALCO","CALLE","ZIHUATLAN","CALLE","NUSTEPEC","CALLE","CANAHUTLI","365",,,,,,"COLONIA","PEDREGAL DE SANTO DOMINGO",,,,"04369","09","CIUDAD DE MÉXICO","003","Coyoacán","0001","Coyoacán","079A","008","5556197138",,,"Fijo","19.31783306","-99.16822851","2014-12"
"6715765","PLASTICOS PELLETIZADOS ","PLASTICOS Y PELLETIZADOS SA DE CV","325993","Fabricación de resinas de plásticos reciclados","51 a 100 personas","CALLE","SANTO DOMINGO","EJE VIAL","3 NORTE (CALZADA SAN ISIDRO)","EJE VIAL","3 NORTE (TOCHTLI)","CALLE","REY MAXTLA","102",,,,,"B","COLONIA","INDUSTRIAL SAN ANTONIO",,,,"02760","09","CIUDAD DE MÉXICO","002","Azcapotzalco","0001","Azcapotzalco","1023","002","17421967","COMPRAS@PLASTIPELLETS.COM",,"Fijo","19.47960478","-99.19414537","2016-01"
"1049007","PLASTIVISA",,"325993","Fabricación de resinas de plásticos reciclados","0 a 5 personas","CERRADA","PRIMERA REVOLUCION","CALLE","FRANCISCO JIMENEZ","CALLE","ONOFRE CAPETO","CALLE","FRANCISCO JIMÉNEZ","13","MZ 128",,,,,"COLONIA","COCHINITA A",,,,"13360","09","CIUDAD DE MÉXICO","011","Tláhuac","0001","Tláhuac","0931","014","5554283776",,,"Fijo","19.28341424","-99.03678087","2010-07"
"7721073","PROCESADORA DE PLASTICO",,"325993","Fabricación de resinas de plásticos reciclados","0 a 5 personas","CERRADA","BELISARIO DOMINGUEZ","CERRADA","BELISARIO DOMINGUEZ","CALLE","BELISARIO DOMINGUEZ","CALLE","LA AMISTAD","24",,,,,,"UNIDAD HABITACIONAL","MIGUEL HIDALGO",,,,"13100","09","CIUDAD DE MÉXICO","011","Tláhuac","0026","Santa Catarina Yecahuitzotl","0965","016",,,,"Fijo","19.31251945","-98.97087183","2019-11"
"900956","PRODISPLAY RODY",,"325993","Fabricación de resinas de plásticos reciclados","0 a 5 personas","CALLE","BOLIVAR","CALLE","JOSE TORIBIO MEDINA","VIADUCTO","PRESIDENTE MIGUEL ALEMAN","VIADUCTO","PRESIDENTE MIGUEL ALEMÁN","526",,,,,"C","COLONIA","ALGARIN",,,,"06880","09","CIUDAD DE MÉXICO","015","Cuauhtémoc","0001","Cuauhtémoc","1498","005",,,,"Fijo","19.40412841","-99.14253646","2014-12"
"1050548","RECICLADO DE PLASTICO",,"325993","Fabricación de resinas de plásticos reciclados","0 a 5 personas","CALLEJON","LAZARO CARDENAS","CALLE","CAALE    MAXIMINO LUGO","CALLE","EJIDO","AVENIDA","FERROCARRIL SAN RAFAEL ATLIXCO","6",,,,,,"COLONIA","LAS PUERTAS",,,,"13440","09","CIUDAD DE MÉXICO","011","Tláhuac","0001","Tláhuac","0132","001",,,"GARZA.ABEL.GARZAQHOTMAIL","Fijo","19.29298214","-99.01954498","2014-12"
"792149","RECICLADO DE PLASTICO",,"325993","Fabricación de resinas de plásticos reciclados","6 a 10 personas","CALLE","BENITO JUAREZ","CERRADA","SEGUNDA BENITO JUAREZ","CALLE","PROFESOR OTILIO MONTAÑO","CALLE","PROFESOR OTILIO MONTAÑO","12",,,,,,"COLONIA","SANTA MARIA AZTAHUACAN",,,,"09570","09","CIUDAD DE MÉXICO","007","Iztapalapa","0001","Iztapalapa","1087","021",,,,"Fijo","19.36227026","-99.03690136","2010-07"
"7613517","RECICLADO DE PLASTICO",,"325993","Fabricación de resinas de plásticos reciclados","0 a 5 personas","CERRADA","SEGUNDA DE ALAMOS","CALLE","ALAMOS","CALLE","VIRGEN DEL COBRE","CERRADA","ORQUÍDEA",,"SN",,,,,"COLONIA","TEMPILULI",,,,"13363","09","CIUDAD DE MÉXICO","011","Tláhuac","0001","Tláhuac","1535","011",,,,"Fijo","19.2768815","-99.02799183","2019-11"
"7613632","RECICLADO DE PLASTICO SIN NOMBRE",,"325993","Fabricación de resinas de plásticos reciclados","0 a 5 personas","CALLE","JAZMIN","CERRADA","SEGUNDA DE JAZMIN","AVENIDA","LAS TORRES","CALLE","AVENIDA DE LAS FLORES",,"SN",,,,,"COLONIA","TEMPILULI",,,,"13363","09","CIUDAD DE MÉXICO","011","Tláhuac","0001","Tláhuac","1535","002",,,,"Fijo","19.27728437","-99.0255521","2019-11"
"7613687","RECICLADO DE PLASTICO SIN NOMBRE",,"325993","Fabricación de resinas de plásticos reciclados","0 a 5 personas","CALLE","AVENIDA DE LAS FLORES","CERRADA","AZUCENA","CERRADA","ALCATRAZ","CALLE","LIBERTAD",,"SN",,,,,"COLONIA","TEMPILULI",,,,"13363","09","CIUDAD DE MÉXICO","011","Tláhuac","0001","Tláhuac","1395","001",,,,"Fijo","19.27953833","-99.02706288","2019-11"
"7613691","RECICLADO DE PLASTICO SIN NOMBRE",,"325993","Fabricación de resinas de plásticos reciclados","0 a 5 personas","CALLE","PIRUL","CALLE","TERCERA CERRADA PIRUL","CALLE","LIBERTAD","CALLEJON","NINGUNO",,"SN",,,,,"COLONIA","TEMPILULI",,,,"13363","09","CIUDAD DE MÉXICO","011","Tláhuac","0001","Tláhuac","1395","007",,,,"Fijo","19.2809234","-99.02946158","2019-11"
"7613513","RECICLADO DE PLASTICO SIN NOMBRE",,"325993","Fabricación de resinas de plásticos reciclados","0 a 5 personas","CALLE","CERRADA CLAVEL","CALLE","LORENZO PEREZ CASTRO","CALLE","EMILIO LAURENT","CALLE","NARDO","33",,,,,,"COLONIA","AMPLIACION LA CONCHITA",,,,"13360","09","CIUDAD DE MÉXICO","011","Tláhuac","0001","Tláhuac","1380","047",,,,"Fijo","19.27593339","-99.03410538","2019-11"
"7613637","RECICLADO DE PLASTICO SIN NOMBRE",,"325993","Fabricación de resinas de plásticos reciclados","0 a 5 personas","CALLE","AVENIDA DE LAS FLORES","CERRADA","GIRASOL","AVENIDA","LAS TORRES","CALLE","LIBERTAD",,"SN",,,,,"COLONIA","TEMPILULI",,,,"13363","09","CIUDAD DE MÉXICO","011","Tláhuac","0001","Tláhuac","1395","001",,,,"Fijo","19.27928878","-99.02630757","2019-11"
"730850","RECICLADO DE PLASTICOS LEE",,"325993","Fabricación de resinas de plásticos reciclados","0 a 5 personas","CALLE","EMILIANO ZAPATA","CALLE","FRANCISCO VILLA","CALLE","AQUILES SERDAN","CALLE","ABRAHAM GONZÁLEZ","58",,,,,,"COLONIA","Z.U SANTA MARIA AZTAHUACAN",,,,"09570","09","CIUDAD DE MÉXICO","007","Iztapalapa","0001","Iztapalapa","1091","023",,,,"Fijo","19.35817336","-99.03503744","2014-12"
"8613133","RECICLADORA DE PLASTICO",,"325993","Fabricación de resinas de plásticos reciclados","0 a 5 personas","CALLE","RANCHO DE LA ESPIGA","CALLE","LOPEZ PORTILLO","CALLE","TOMACOCO","CALLE","FRESNO","5","MZ 49",,,,,"COLONIA","SAN MIGUEL TEOTONGO SECCION CORRALES",,,,"09630","09","CIUDAD DE MÉXICO","007","Iztapalapa","0001","Iztapalapa","294A","009",,,,"Semifijo","19.34427375","-98.9882499","2019-11"
"8782765","RECICLADORA DE PLASTICO",,"325993","Fabricación de resinas de plásticos reciclados","0 a 5 personas","CALLE","VENUSTIANO CARRANZA","CALLE","FELIPE ÁNGELES","CALLE","FILOMENO MATA","CALLE","AQUILES SERDÁN","3","MZ",,,"0",,"COLONIA","EJIDOS SANTA MARIA AZTAHUACAN",,,,"09500","09","CIUDAD DE MÉXICO","007","Iztapalapa","0001","Iztapalapa","1513","026",,,,"Fijo","19.35224098","-99.03425206","2019-11"
"7613807","RECICLADORA DE PLASTICO",,"325993","Fabricación de resinas de plásticos reciclados","0 a 5 personas","CALLE","PIRUL","CALLE","CEDROS","CALLE","TERCERA CERRADA PIRUL","PRIVADA","LUIS ECHEVERRÍA","0","SN",,,"0",,"COLONIA","TEMPILULI",,,,"13363","09","CIUDAD DE MÉXICO","011","Tláhuac","0001","Tláhuac","1395","003",,,,"Fijo","19.28031604","-99.02959989","2019-11"
"7613634","RECICLADORA DE PLASTICO SIN NOMBRE",,"325993","Fabricación de resinas de plásticos reciclados","0 a 5 personas","CALLE","AVENIDA DE LAS FLORES","CALLE","FRESNO","AVENIDA","LAS TORRES","CALLE","JAZMÍN",,"SN",,,,,"COLONIA","TEMPILULI",,,,"13363","09","CIUDAD DE MÉXICO","011","Tláhuac","0001","Tláhuac","1535","002",,,,"Fijo","19.27904567","-99.02573133","2019-11"
"7612744","RECICLADORA DE PLASTICO SIN NOMBRE",,"325993","Fabricación de resinas de plásticos reciclados","0 a 5 personas","CALLE","BUGAMBILIAS","CALLE","FRANCISCO JIMENEZ","CALLE","SEBASTIAN TREJO","CALLE","TULIPÁN",,"SN",,,,,"COLONIA","AMPLIACION LA CONCHITA",,,,"13360","09","CIUDAD DE MÉXICO","011","Tláhuac","0001","Tláhuac","1450","021",,,,"Fijo","19.27955382","-99.03635927","2019-11"
"792918","RECICLADORA GLOBAL PLASTIC","GLOBAL PLASTIC SA DE CV","325993","Fabricación de resinas de plásticos reciclados","51 a 100 personas","CALLE","BENITO JUAREZ","AVENIDA","HERMINIO CHAVARRIA","CALLE","EMILIANO ZAPATA","CALLE","MIGUEL HIDALGO","50",,,,,,"COLONIA","ZONA URBANA EJIDAL SANTA MARIA AZTAHUACAN",,,,"09500","09","CIUDAD DE MÉXICO","007","Iztapalapa","0001","Iztapalapa","1087","013",,,"WWW.GLOBALPLASTICS.COM.MX","Fijo","19.35759612","-99.03762641","2010-07"
"735012","RECICLAJE",,"325993","Fabricación de resinas de plásticos reciclados","0 a 5 personas","PRIVADA","REFORMA CIENTIFICA","CALLE","REFORMA","CALLE","REFORMA CIENTIFICA","CALLE","REFORMA POPULAR","278",,"EDIFICIO SIN NOMBRE","4",,,"COLONIA","REFORMA POLITICA",,,,"09730","09","CIUDAD DE MÉXICO","007","Iztapalapa","0001","Iztapalapa","2901","001","5513472349",,,"Fijo","19.33690569","-99.02999824","2014-12"
"7613009","RECICLAJE DE PLASTICO SIN NOMBRE",,"325993","Fabricación de resinas de plásticos reciclados","0 a 5 personas","CALLE","TERCERA CERRADA MACLOVIO HERRERA","CALLE","LA PALMA","CALLE","MACLOVIO HERRERA","CALLE","SAN RAFAEL ATLIXCO",,"SN",,,,,"COLONIA","SANTIAGO ZAPOTITLAN",,,,"13300","09","CIUDAD DE MÉXICO","011","Tláhuac","0001","Tláhuac","1412","014",,,,"Fijo","19.30532737","-99.03129632","2019-11"
"8602198","RECICLAJE DE PLASTICOS",,"325993","Fabricación de resinas de plásticos reciclados","11 a 30 personas","PRIVADA","SAN CELSO","CALLE","SAN LEON","CALLE","SAN BENJAMIN","CALLE","SAN LEÓN",,"SN",,,,"MZ 932 LOTE 9","COLONIA","SANTA URSULA COAPA",,,,"04600","09","CIUDAD DE MÉXICO","003","Coyoacán","0001","Coyoacán","0982","022",,,,"Fijo","19.31140757","-99.14937607","2019-11"
"664437","RECUBRIMIENTOS ECOLÓGICOS Y RECICLADOS","RECUBRIMIENTOS ECOLOGICOS Y RECICLADOS SA DE CV","325510","Fabricación de pinturas y recubrimientos","11 a 30 personas","CALLE","1","CALLE","ESTRONCIO","AVENIDA","PROLONGACION RIO CHURUBUSCO","CALLE","2","393","PB","EDIFICIO SIN NOMBRE","1",,,"COLONIA","CUCHILLA PANTITLAN",,,,"15610","09","CIUDAD DE MÉXICO","017","Venustiano Carranza","0001","Venustiano Carranza","0884","018",,"MPRADO@A3P.MX","WWW.A3P.MX","Fijo","19.42277586","-99.06760789","2013-07"
"7613693","SEPARADORA DE RESIDUOS PLASTCOS",,"325993","Fabricación de resinas de plásticos reciclados","0 a 5 personas","CALLE","ÁLAMOS","CALLE","JAZMÍN","CALLE","TULIPÁN","CALLE","OLIVOS","0","SN",,,"0",,"COLONIA","TEMPILULI",,,,"13363","09","CIUDAD DE MÉXICO","011","Tláhuac","0001","Tláhuac","1535","011",,,,"Fijo","19.27799137","-99.02792172","2019-11"
"8711921","TALLER DE RECICLADO SIN NOMBRE",,"325993","Fabricación de resinas de plásticos reciclados","0 a 5 personas","CERRADA","ADRIANA DEL SUR","CALLE","JACOBO DE LIEJA","CALLE","GUILLERMO DUFAY","CALLE","ANA BOLENA","13","MZ 22",,,,,"COLONIA","AGRICOLA METROPOLITANA",,,,"13280","09","CIUDAD DE MÉXICO","011","Tláhuac","0001","Tláhuac","0664","018",,,,"Fijo","19.29166501","-99.05484197","2019-11"
"7832083","TYCSA",,"325993","Fabricación de resinas de plásticos reciclados","6 a 10 personas","CERRADA","TERCERA","CALLE","CANAL DE SAN JUAN","CERRADA","SEGUNDA CANAL DE SAN JUAN","CERRADA","SEGUNDA CENTRAL","2",,,,,,"COLONIA","TEPALCATES",,,,"09210","09","CIUDAD DE MÉXICO","007","Iztapalapa","0001","Iztapalapa","0021","004",,,,"Fijo","19.39315017","-99.05898226","2019-11"
"8602129","VENTA DE MADERA RECICLADA",,"321920","Fabricación de productos para embalaje y envases de madera","0 a 5 personas","CALLE","SISAL","CALLE","SINANCHE","CALLE","CHEMAX","AVENIDA","MANÍ",,"SN",,,"747","LT 13","COLONIA","PEDREGAL DE SAN NOCOLAS 1RA SECC",,,,"14100","09","CIUDAD DE MÉXICO","012","Tlalpan","0001","Tlalpan","0500","007",,,,"Fijo","19.29155398","-99.2385331","2019-11"
"842720","VIVIENDA USO EXCLUSIVO DESECHOS INDUSTRIALES",,"325993","Fabricación de resinas de plásticos reciclados","0 a 5 personas","CALLE","AVENIDA DE LAS TORRES","CALLE","TORRE EIFEL","AVENIDA","AVENIDA DE LAS MINAS","CALLE","TORRE EIFEL","1","25",,,"0",,"COLONIA","BUENAVISTA",,,,"09700","09","CIUDAD DE MÉXICO","007","Iztapalapa","0001","Iztapalapa","3223","011",,,,"Fijo","19.33308069","-99.03021766","2010-07"
"905232","LÁMPARAS DE MATERIAL RECICLADO",,"335120","Fabricación de lámparas ornamentales","0 a 5 personas","CALLE","FELIPE CARRILLO PUERTO","ANDADOR","JARDIN DEL CENTENARIO","CALLE","BELISARIO DOMINGUEZ","CALLE","CENTENARIO","25",,"MERCADO PUBLICO","1","112",,"COLONIA","VILLA COYOCAN","MERCADO PUBLICO","MERCADO ARTESANAL MEXICANO","112","04000","09","CIUDAD DE MÉXICO","003","Coyoacán","0001","Coyoacán","0130","020",,"TONANZA1973@GMAIL.COM",,"Semifijo","19.34999428","-99.16298672","2014-12"
"8507678","TECHADOS Y RECICLADOS VOT",,"335120","Fabricación de lámparas ornamentales","6 a 10 personas","CALLE","CORONA BOREAL","CALLE","OSA MAYOR","CALLE","CERRO CAPILLA DE SAN MIGUEL","CALLE","DRAGÓN","94","BIS",,,"0",,"COLONIA","PRADO CHURUBUSCO",,,,"04230","09","CIUDAD DE MÉXICO","003","Coyoacán","0001","Coyoacán","0094","011",,,,"Fijo","19.35520261","-99.13147147","2019-11"
"8616667","ARCEMA MATERIAL DE CONSTRUCCIÓN","AUTOTRANSPORTES Y RECICLADOS CEMA SA DE CV","434211","Comercio al por mayor de cemento, tabique y grava","11 a 30 personas","CALLE","CERRO TEZOYO","CALLE","CERRO DE JESUS","CALLE","CERRO DE ZAPOPAN","CALLE","CERRO CÓPORO","50",,,,,,"COLONIA","CAMPESTRE CHURUBUSCO",,,,"04200","09","CIUDAD DE MÉXICO","003","Coyoacán","0001","Coyoacán","0183","019",,"FACTURACION@ARCEMA.COM.MX",,"Fijo","19.3431162","-99.13721512","2019-11"
"7715012","BODEGA DE FABRICA DE PRODUCTOS DE LLANTA RECICLADOS",,"434229","Comercio al por mayor de otras materias primas para otras industrias","6 a 10 personas","CALLE","PONIENTE 9","AVENIDA","CUCHILLA DEL TESORO","AVENIDA","602 (AVENIDA TEXCOCO-VIA TAPO)","CALLE","PONIENTE 10","12","LT MZ 10",,,,,"COLONIA","CUCHILLA DEL TESORO",,,,"07900","09","CIUDAD DE MÉXICO","005","Gustavo A. Madero","0001","Gustavo A. Madero","2470","001",,,,"Fijo","19.44708576","-99.06209683","2019-11"
"851754","BODEGA DE MATERIAL PARA RECICLADO SIN NOMBRE",,"434311","Comercio al por mayor de desechos metálicos","0 a 5 personas","CALLE","CEDROS","CALLE","ABEDUL","CALLE","CAOBA","CALLE","SABINOS",,"SN",,,"5","MZ 31 LT 5","COLONIA","BOSQUES DEL PEDREGAL",,,,"14738","09","CIUDAD DE MÉXICO","012","Tlalpan","0001","Tlalpan","1509","001",,,,"Fijo","19.27228854","-99.23943606","2010-07"
"9221557","BODEGA DE PLASTICOS DE LLANTA RECICLADA",,"434219","Comercio al por mayor de otros materiales para la construcción, excepto de madera y metálicos","0 a 5 personas","CALLE","PONIENTE 10","AVENIDA","CUCHILLA DEL TESORO","AVENIDA","602 (AVENIDA TEXCOCO-VIA TAPO)","CALLE","PONIENTE 9","17","LT MZ 10",,,,,"COLONIA","CUCHILLA DEL TESORO",,,,"07900","09","CIUDAD DE MÉXICO","005","Gustavo A. Madero","0001","Gustavo A. Madero","2470","001",,,,"Fijo","19.44684344","-99.06244621","2019-11"
"8631652","BODEGA DE RECICLADO BARRERA",,"434314","Comercio al por mayor de desechos de plástico","0 a 5 personas","CALLE","COYAMEL","CALLE","MOMOLUCO","CALLE","TEPEYAUCLE","AVENIDA","ESCUINAPA","8",,,,,,"MANZANA","MANZANA 27",,,,"04369","09","CIUDAD DE MÉXICO","003","Coyoacán","0001","Coyoacán","1162","027","5511957879",,,"Fijo","19.33563269","-99.17234946","2019-11"
"823284","BODEGA DE RECICLADOS",,"431110","Comercio al por mayor de abarrotes","0 a 5 personas","CALLE","MOGUER (HIDALGO)","CALLE","CATARROJA","AVENIDA","ESPAÑA","CALLE","OSUNA (LA PIEDAD)","59",,,,"0",,"COLONIA","CERRODELA ESTRELLA",,,,"09880","09","CIUDAD DE MÉXICO","007","Iztapalapa","0001","Iztapalapa","1890","017",,,,"Fijo","19.32588694","-99.07827572","2010-07"
"759085","CENTRO DE ACOPIO MATERIALES RECICLADOS SIN NOMBRE",,"434312","Comercio al por mayor de desechos de papel y de cartón","0 a 5 personas","CALLE","LAGO PATZCUARO","CALLE","LAGUNA DE TERMINOS","CALLE","TERCERA PRIVADA LAGUNA GUZMAN","CALLE","RINCONADA LAGUNA DE TÉRMINOS","59",,,,,,"COLONIA","ANAHUAC",,,,"11320","09","CIUDAD DE MÉXICO","016","Miguel Hidalgo","0001","Miguel Hidalgo","0497","009","5552604458",,,"Fijo","19.443322","-99.17202955","2010-07"
"768151","CENTRO DE RECICLADO",,"434312","Comercio al por mayor de desechos de papel y de cartón","0 a 5 personas","CALLE","HEROE DE NACOZARI","CALLE","CURTIDURIA","CALLE","TAPICERIA","CALLE","TAPICERÍA","97",,,,,,"COLONIA","PENITENCIARIA",,,,"15280","09","CIUDAD DE MÉXICO","017","Venustiano Carranza","0001","Venustiano Carranza","0494","017",,,,"Fijo","19.43561382","-99.1168646","2010-07"
"902413","CENTRO DE RECICLADO",,"434312","Comercio al por mayor de desechos de papel y de cartón","0 a 5 personas","AVENIDA","COYOACAN","AVENIDA","DIVISION DEL NORTE","CALLE","ROMERO DE TERREROS","CALLE","ADOLFO PRIETO","333",,,,"3",,"COLONIA","DEL VALLE NORTE",,,,"03103","09","CIUDAD DE MÉXICO","014","Benito Juárez","0001","Benito Juárez","0242","014",,,,"Fijo","19.39362188","-99.16632158","2014-12"
"929811","CENTRO DE RECICLADO",,"434312","Comercio al por mayor de desechos de papel y de cartón","0 a 5 personas","AVENIDA","SAN JERONIMO","CALLE","HORTENSIA","CALLE","BUGAMBILIA","CALLE","PENSAMIENTO","887",,,,,,"COLONIA","LOMAS QUEBRADAS",,,,"10000","09","CIUDAD DE MÉXICO","008","La Magdalena Contreras","0001","La Magdalena Contreras","0245","002",,,,"Fijo","19.31402617","-99.24294731","2014-12"
"678106","CENTRO DE RECICLADO",,"434312","Comercio al por mayor de desechos de papel y de cartón","0 a 5 personas","EJE VIAL","3 NORTE (AVENIDA 506)","CALLE","AVENIDA 525","CALLE","AVENIDA 523","CALLE","SIN REFERENCIA","71",,,,,,"COLONIA","UH SAN JUAN DE ARAGON 1AR SECC",,,,"07969","09","CIUDAD DE MÉXICO","005","Gustavo A. Madero","0001","Gustavo A. Madero","231A","005",,,,"Fijo","19.45649867","-99.0915726","2014-12"
"9216097","CENTRO DE RECICLADO ABRIL YOYS",,"434314","Comercio al por mayor de desechos de plástico","0 a 5 personas","AVENIDA","CALZADA INGENIEROS MILITARES","CALLE","INGENIEROS MILITARES","CALLE","PEPE ORTIZ","CALLE","TLALTENANGO","144",,,,,,"COLONIA","SAN LORENZO TLALTENANGO",,,,"11210","09","CIUDAD DE MÉXICO","016","Miguel Hidalgo","0001","Miguel Hidalgo","0020","002",,,,"Fijo","19.46720466","-99.20799116","2019-11"
"662329","CENTRO DE RECICLADO ALFARO",,"434312","Comercio al por mayor de desechos de papel y de cartón","0 a 5 personas","EJE VIAL","2 ORIENTE (CALZADA DE LA VIGA)","CALLE","TAPIOCA","CALLE","CAMPESINOS","CALLE","CAMPESINOS","2008","A",,,"0",,"COLONIA","GRANJAS ESMERALDA",,,,"09810","09","CIUDAD DE MÉXICO","007","Iztapalapa","0001","Iztapalapa","1176","012","5591460848",,,"Fijo","19.35284563","-99.12096377","2010-07"
"7732853","CENTRO DE RECICLADO SIN NOMBRE",,"434312","Comercio al por mayor de desechos de papel y de cartón","0 a 5 personas","CALLE","PUEBLA","EJE VIAL","3 PONIENTE (SALAMANCA)","CALLE","COZUMEL","AVENIDA","CHAPULTEPEC","317",,,,,,"COLONIA","ROMA NORTE",,,,"06700","09","CIUDAD DE MÉXICO","015","Cuauhtémoc","0001","Cuauhtémoc","0998","018",,,,"Fijo","19.42082528","-99.170996","2019-11"
"7262586","CENTRO DE RECICLADO SIN NOMBRE",,"434319","Comercio al por mayor de otros materiales de desecho","0 a 5 personas","CALLE","SANTA FE","CALLE","LA PAZ","CALLE","SAN FRANCISCO","CALLE","SANTO TOMÁS","12",,,,,,"COLONIA","CORPUS CHRISTI",,,,"01530","09","CIUDAD DE MÉXICO","010","Álvaro Obregón","0001","Álvaro Obregón","0864","014","5563350123","ROCO_5505@YAHOO.COM",,"Fijo","19.3604714","-99.24947818","2019-11"
"773393","CENTRO DE RECICLADO SIN NOMBRE",,"434311","Comercio al por mayor de desechos metálicos","0 a 5 personas","AVENIDA","GRAN CANAL DEL DESAGÜE","AVENIDA","REPUBLICA MEXICANA","AVENIDA","VILLA DE AYALA","AVENIDA","GRAN CANAL DEL DESAGÜE",,"SN","MERCADO PUBLICO","1",,,"COLONIA","LA ESMERALDA","MERCADO PUBLICO","UNION REVOLUCIONARIA DE COMERCIANTES EN HERRAMIENTAS FIERROS VIEJOS Y OBJETOS VARIOS NUEVOS Y USADOS DEL EXTERIOR DEL MERCADO 25 DE JULIO A. C. 2A. SE","97 98 99","07540","09","CIUDAD DE MÉXICO","005","Gustavo A. Madero","0001","Gustavo A. Madero","1190","041",,,,"Fijo","19.49130594","-99.08584956","2010-07"
"8343763","CENTRO DE RECICLADO TORQUEMADA",,"434319","Comercio al por mayor de otros materiales de desecho","0 a 5 personas","EJE VIAL","CENTRAL (LAZARO CARDENAS)","CALLE","FRAY JUAN DE TORQUEMADA","CALLE","MANUEL CABALLERO","CALLE","BOLÍVAR","258","D",,,,,"COLONIA","OBRERA",,,,"06800","09","CIUDAD DE MÉXICO","015","Cuauhtémoc","0001","Cuauhtémoc","1248","008",,,,"Fijo","19.40852065","-99.14429772","2019-11"
"852263","CENTRO DE RECICLADOS MISTERIOS",,"434311","Comercio al por mayor de desechos metálicos","0 a 5 personas","CALZADA","CALZADA DE LOS MISTERIOS","CALLE","JUVENTINO ROSAS","CALLE","NINGUNO","CALZADA","CALZADA DE GUADALUPE","21",,,,,,"COLONIA","MAZA",,,,"06270","09","CIUDAD DE MÉXICO","015","Cuauhtémoc","0001","Cuauhtémoc","0165","035",,,,"Fijo","19.45548543","-99.12984242","2010-07"
"970459","CENTRO DE RECICLAJE ES FÁCIL RECICLAR",,"434311","Comercio al por mayor de desechos metálicos","0 a 5 personas","AVENIDA","MIGUEL ANGEL DE QUEVEDO","CALLE","CENTRAL","AVENIDA","DIVISION DEL NORTE","CALLE","NORTE","1105",,"EDIFICIO SIN NOMBRE","1",,,"COLONIA","ATLANTIDA","EDIFICIO COMERCIAL Y DE SERVICIOS","1105","1105","04370","09","CIUDAD DE MÉXICO","003","Coyoacán","0001","Coyoacán","0304","020","5553361291",,,"Fijo","19.34240564","-99.14802516","2010-07"
"825358","CENTRO DE RECICLAJE RECICLA Y REUSA",,"434314","Comercio al por mayor de desechos de plástico","11 a 30 personas","CALLE","NARCISO MENDOZA","CALLE","EMILIANO ZAPATA","CALLE","ABRAHAM GONZALEZ","AVENIDA","20 DE NOVIEMBRE","406",,,,,,"COLONIA","Z.U SANTA MARIA AZTAHUACAN",,,,"09570","09","CIUDAD DE MÉXICO","007","Iztapalapa","0001","Iztapalapa","1091","003",,,,"Fijo","19.35775397","-99.02981993","2010-07"
"962410","CENTROS DE RECICLADO INDEPENDENCIA",,"434311","Comercio al por mayor de desechos metálicos","0 a 5 personas","EJE VIAL","CENTRAL (LAZARO CARDENAS)","CALLE","FRANCISCO FIELD JURADO","CALLE","SERAFIN OLARTE","CALLE","RAFAEL MARTÍNEZ RIP RIP","1008",,,,,"C","COLONIA","INDEPENDENCIA",,,,"03630","09","CIUDAD DE MÉXICO","014","Benito Juárez","0001","Benito Juárez","0469","035",,,,"Fijo","19.38024859","-99.14779428","2010-07"
"8681368","COMPRA DE RECICLADO",,"434311","Comercio al por mayor de desechos metálicos","0 a 5 personas","CALLE","MELCHOR PEREZ DE SOTO","CALLE","JOSE GARCIA PRECIAT","CERRADA","CUARTA MELCHOR OCAMPO","CALLE","IGNACIO ALDAMA",,"SN",,,,,"COLONIA","AMPLIACION MIGUEL HIDALGO 2DA SECCION",,,,"14250","09","CIUDAD DE MÉXICO","012","Tlalpan","0001","Tlalpan","1316","007",,,,"Fijo","19.27798258","-99.20401266","2019-11"
"706227","COMPRA DE RECICLADOS",,"434311","Comercio al por mayor de desechos metálicos","0 a 5 personas","CALLE","EMILIANO ZAPATA","CALLE","JUAREZ","EJE VIAL","2 ORIENTE (CONGRESO DE LA UNION)","CALLE","BENITO JUÁREZ","153",,"EDIFICIO SIN NOMBRE","17","0",,"COLONIA","SANTA ANITA",,,,"08300","09","CIUDAD DE MÉXICO","006","Iztacalco","0001","Iztacalco","0255","020",,,,"Fijo","19.40065241","-99.12247795","2014-12"
"944377","COMPRA VENTA DE DESECHOS INDUSTRIALES Y RECICLADOS PONCHO",,"434311","Comercio al por mayor de desechos metálicos","0 a 5 personas","CALLE","ANTONIO BEJAR","CALLE","JOSE VICENTE CASTAÑEDA","CALLE","GENERAL PEDRO MARIA ANAYA","CALLE","JOSE VICENTE CASTAÑEDA","84",,,,,,"COLONIA","OJO DE AGUA",,,,"13450","09","CIUDAD DE MÉXICO","011","Tláhuac","0001","Tláhuac","0240","026",,,,"Fijo","19.28650079","-99.01013126","2014-12"
"741050","COMPRA VENTA DE DESPERDICIO RECICLADO MACIAS",,"434311","Comercio al por mayor de desechos metálicos","0 a 5 personas","AVENIDA","ANTONIO VALERIANO","CALLE","PROLONGACION NARANJO","CERRADA","PROLONGACION SABINO","CALLE","4",,"SN",,,,"D-E","COLONIA","AMPLIACION DEL GAS",,,,"02970","09","CIUDAD DE MÉXICO","002","Azcapotzalco","0001","Azcapotzalco","0769","009",,,,"Fijo","19.46840486","-99.15555068","2010-07"
"7721598","COMPRA VENTA DE MATERIAL RECICLADO RECICLAJES ORTIZ",,"434312","Comercio al por mayor de desechos de papel y de cartón","0 a 5 personas","CALLE","ANA BOLENA","CALLE","DEODATO","CALLE","NICOLAS CHAMPION (RAFAEL VARGAS)","CALLE","ADRIANA",,"SN",,,,,"COLONIA","MIGUEL HIDALGO",,,,"13200","09","CIUDAD DE MÉXICO","011","Tláhuac","0001","Tláhuac","0626","010",,,,"Fijo","19.29525796","-99.05245605","2019-11"
"8442751","COMPRA VENTA DE RECICLADO",,"434314","Comercio al por mayor de desechos de plástico","0 a 5 personas","CALLE","SAN PERFECTO","CALLE","SAN ALBERTO","CALLE","SAN FELIPE","CALLE","SAN JULIO","9",,,,,,"COLONIA","PEDREGAL DE SANTA URSULA",,,,"04600","09","CIUDAD DE MÉXICO","003","Coyoacán","0001","Coyoacán","1016","016",,,,"Fijo","19.31476548","-99.14643616","2019-11"
"8138961","COMPRA VENTA DE RECICLADO",,"434314","Comercio al por mayor de desechos de plástico","0 a 5 personas","CERRADA","A. LOPEZ","CALLE","EMILIANO ZAPATA","CALLE","LAZARO CARDENAS","CERRADA","A. LÓPEZ","27","LT5",,,"0",,"COLONIA","SANTIAGO ACAHUALTEPEC 1RA. AMPLIACION",,,,"09608","09","CIUDAD DE MÉXICO","007","Iztapalapa","0001","Iztapalapa","2579","012",,,,"Fijo","19.35139704","-99.00879937","2019-11"
"670047","COMPRA Y VENTA DE DESPERDICIOS FIERRO CARTÓN Y PLASTICO PARA RECICLAR",,"434311","Comercio al por mayor de desechos metálicos","0 a 5 personas","CALLE","HUASCARAN","CALLE","BREZO","CALLE","LOMA DE LA LUNA","CALLE","LOMA DE LA LUNA","5","MZ.65 LT.5 A","EDIFICIO SIN NOMBRE","1","1",,"COLONIA","VISTA HERMOSA",,,,"07187","09","CIUDAD DE MÉXICO","005","Gustavo A. Madero","0001","Gustavo A. Madero","3229","027",,,,"Fijo","19.54529531","-99.12290686","2014-12"
"9159407","COMPRA Y VENTA DE MATERIALES RECICLADOS",,"434313","Comercio al por mayor de desechos de vidrio","0 a 5 personas","CALLE","SAN JORGE","CALLE","SAN GABINO","CALLE","SAN FAUSTINO","AVENIDA","SANTA ÚRSULA","16","841",,,"0",,"COLONIA","PEDREGAL DE SANTA URSULA",,,,"04600","09","CIUDAD DE MÉXICO","003","Coyoacán","0001","Coyoacán","0978","006",,,,"Fijo","19.30980239","-99.16124554","2019-11"
"8139462","COMPRA Y VENTA DE VIDRIO PARA RECICLAR",,"434313","Comercio al por mayor de desechos de vidrio","0 a 5 personas","CALLE","FELIPE ANGELES","CALLE","AQUILES SERDAN","CALLE","FRANCISCO VILLA","CALLE","FILOMENO MATA","885",,,,,,"COLONIA","EJIDOS DE SANTAMARIA AZTAHUACAN",,,,"09570","09","CIUDAD DE MÉXICO","007","Iztapalapa","0001","Iztapalapa","1509","012","5561483705",,,"Fijo","19.35111897","-99.0359431","2019-11"
"7673376","COMPRE VENTA DE MATERIALES RECICLADOS",,"434311","Comercio al por mayor de desechos metálicos","0 a 5 personas","CALLE","PROLONGACION 5 DE MAYO","CALLE","CALLE A PUENTE COLORADO","AVENIDA","5 DE MAYO","CALLE","NINGUNO","670",,,,,,"COLONIA","LAS AGUILAS AMPLIACION 2O. PARQUE",,,,"01750","09","CIUDAD DE MÉXICO","010","Álvaro Obregón","0001","Álvaro Obregón","2292","036",,,,"Fijo","19.35941987","-99.21735907","2019-11"
"1009129","DEPÓSITO DE DESPERDICIOS INDUSTRIALES PORTILLO RECICLO",,"434312","Comercio al por mayor de desechos de papel y de cartón","0 a 5 personas","CALLE","SAN PERFECTO","CALLE","SAN HERMILO","AVENIDA","SANTA ÚRSULA","CALLE","SAN JULIO","14",,,,"0",,"COLONIA","PEDREGAL SANTA URSULA",,,,"04600","09","CIUDAD DE MÉXICO","003","Coyoacán","0001","Coyoacán","0997","025","5531591675",,,"Fijo","19.30834169","-99.14868799","2010-07"
"670089","DEPÓSITO DE RECICLADO",,"434311","Comercio al por mayor de desechos metálicos","0 a 5 personas","CALLE","PLAN DE TUXTEPEC","CALLE","NIÑOS HEROES","CALLE","PRIMERO DE MAYO","CALLE","CUMBRES","0","SN","EDIFICIO SIN NOMBRE","1","0","LOTE 8 MZ.17","COLONIA","6 DE JUNIO",,,,"07183","09","CIUDAD DE MÉXICO","005","Gustavo A. Madero","0001","Gustavo A. Madero","3214","015",,,,"Fijo","19.55103978","-99.12492569","2014-12"
"636069","DESPERDICIOS INDUSTRIALES Y RECICLADOS MARIFER",,"434311","Comercio al por mayor de desechos metálicos","6 a 10 personas","CALLE","18 DE MARZO","CALLE","OAXACA","CALLE","GUADALUPE VICTORIA","CALLE","AGUASCALIENTES","1","MZ 23",,,,,"COLONIA","LOMA LAPALMA",,,,"07160","09","CIUDAD DE MÉXICO","005","Gustavo A. Madero","0001","Gustavo A. Madero","0101","030",,,,"Fijo","19.55405249","-99.14327021","2010-07"
"1054537","DESPERDICIOS RECICLADOS INDUSTRIALES",,"434311","Comercio al por mayor de desechos metálicos","0 a 5 personas","AVENIDA","LOMAS DE CAPULA","CALLE","RIO SAN BORJA","CALLE","MINAS","CALLE","ANDADOR 1","9","MZ1 LOTE 9",,,,,"COLONIA","EL RODEO",,,,"01285","09","CIUDAD DE MÉXICO","010","Álvaro Obregón","0001","Álvaro Obregón","2112","014",,,,"Fijo","19.3807864","-99.20902447","2010-07"
"637868","DISPERSIONES DE MATERIAL PARA RECICLAR",,"434311","Comercio al por mayor de desechos metálicos","0 a 5 personas","CALLE","JARCIERIA","CALLE","ALFARERIA","CALLE","MECANICOS","CALLE","MINEROS","2",,,,"0",,"COLONIA","MORELOS",,,,"15270","09","CIUDAD DE MÉXICO","017","Venustiano Carranza","0001","Venustiano Carranza","0210","011",,,,"Fijo","19.44493721","-99.123856","2010-07"
"8210354","MAS RAZONEZ PARA RECICLAR","MAS RAZONES PARA RECICLAR SA DE CV","434223","Comercio al por mayor de envases en general, papel y cartón para la industria","6 a 10 personas","CALLE","CIENFUEGOS","CALLE","RICARTE","CALLE","COLECTOR 13","CALLE","COLECTOR 13","606",,"EDIFICIO SIN NOMBRE","17","0",,"COLONIA","CHURUBUSCO TEPEYAC","EDIFICIO COMERCIAL Y DE SERVICIOS","INMOBILARIA ELIZABETH SA DE CV","606","07730","09","CIUDAD DE MÉXICO","005","Gustavo A. Madero","0001","Gustavo A. Madero","0953","013",,,,"Fijo","19.48802808","-99.13351447","2019-11"
"939043","MATERIAL DE RECICLE EL BOSQUE",,"434311","Comercio al por mayor de desechos metálicos","0 a 5 personas","CALLE","HERMENEGILDO GALEANA","CERRADA","PRIMERA CERRADA DE RETORNO DEL BOSQUE","AVENIDA","5 DE MAYO","CALLE","LICENCIADO MARIO ANTONIO GALERA","2",,,,,,"COLONIA","QUIRINO MENDOZA",,,,"16710","09","CIUDAD DE MÉXICO","013","Xochimilco","0001","Xochimilco","0692","001","5539222905",,,"Fijo","19.25842204","-99.02798573","2014-12"
"726245","MATERIAL RECICLADO",,"434314","Comercio al por mayor de desechos de plástico","0 a 5 personas","CALLE","BENITO JUAREZ","CALLE","CANCUN","CALLE","SINALOA","CALLE","SINALOA","1","MZ 6 LT 1",,,,,"COLONIA","LA POLVORILLA",,,,"09750","09","CIUDAD DE MÉXICO","007","Iztapalapa","0001","Iztapalapa","4749","010",,,,"Fijo","19.32394692","-99.04954381","2014-12"
"711187","MATERIALES DE RECICLADOS SIN NOMBRE",,"434312","Comercio al por mayor de desechos de papel y de cartón","0 a 5 personas","AVENIDA","XOCHIMILCO","CALLE","2","CALLE","3","AVENIDA","NORTE",,"SN",,,,,"COLONIA","AGRICOLA PANTITLAN",,,,"08100","09","CIUDAD DE MÉXICO","006","Iztacalco","0001","Iztacalco","1179","001",,,,"Fijo","19.41352998","-99.06554516","2014-12"
"8528732","MATERIALES RECICLADOS",,"434312","Comercio al por mayor de desechos de papel y de cartón","0 a 5 personas","AVENIDA","CAMINO A SANTA FE","CALLE","TLAXCALTECAS","CALLE","MICHOACANOS","CALLE","GUERRERENSES","444",,,,,,"COLONIA","ARTURO M MARTINEZ",,,,"01200","09","CIUDAD DE MÉXICO","010","Álvaro Obregón","0001","Álvaro Obregón","0173","012",,,,"Fijo","19.38679835","-99.21748507","2019-11"
"9155660","PAPEL RECICLADO PARA FABRICAR PIÑATAS",,"434312","Comercio al por mayor de desechos de papel y de cartón","0 a 5 personas","CALLE","JOSE MARIA GUTIERREZ","CALLE","ENRIQUE REYNOSO","CALLE","LONGINO MAYA","CALLE","BOMBERO JESÚS ALVAREZ","8",,"EDIFICIO SIN NOMBRE","1","0",,"UNIDAD HABITACIONAL","LA COLMENA",,,,"09170","09","CIUDAD DE MÉXICO","007","Iztapalapa","0001","Iztapalapa","369A","004",,,,"Fijo","19.37032274","-99.00053898","2019-11"
"8652075","PLASTICOS RECICLADOS",,"434314","Comercio al por mayor de desechos de plástico","0 a 5 personas","CALLE","PUNTA PEÑASCO","CALLE","VIZCAINOS","CALLE","CABO FINISTERRE","CALLE","SEVERIANO CENICEROS","4",,,,,,"COLONIA","GABRIEL HERNANDEZ",,,,"07080","09","CIUDAD DE MÉXICO","005","Gustavo A. Madero","0001","Gustavo A. Madero","1167","006","5560698653",,,"Fijo","19.49378517","-99.10046131","2019-11"
"1044605","PLASTICOS RECICLADOS",,"434314","Comercio al por mayor de desechos de plástico","0 a 5 personas","CALLE","PUENTE SANTO TOMAS","CALLE","TOPACIO","CALLE","ROLDAN","AVENIDA","FRAY SERVANDO TERESA DE MIER","21","C",,,"21","B Y 21B","COLONIA","CENTRO (ÁREA 9)","EDIFICIO COMERCIAL Y DE SERVICIOS","PUENTE DE SANTO TOMAS","21B","06090","09","CIUDAD DE MÉXICO","015","Cuauhtémoc","0001","Cuauhtémoc","0979","005","5554910268",,,"Fijo","19.42428268","-99.12682678","2010-07"
"929588","RECICLA",,"434312","Comercio al por mayor de desechos de papel y de cartón","0 a 5 personas","AVENIDA","MEXICO","CALLE","MORELIA","CALLE","FLORES MAGON","CALLE","CHIHUAHUA","1225",,,,"0",,"COLONIA","LA GUADALUPE",,,,"10820","09","CIUDAD DE MÉXICO","008","La Magdalena Contreras","0001","La Magdalena Contreras","0495","022",,,,"Fijo","19.30879692","-99.23144395","2014-12"
"668796","RECICLA REHACE REUTILIZA",,"434312","Comercio al por mayor de desechos de papel y de cartón","0 a 5 personas","CALLE","JOSE SANCHEZ TRUJILLO","CALLE","NIZA","CALLE","PRIVADA TRUJILLO","CALLE","GRECIA","46",,,,,,"COLONIA","SAN ALVARO",,,,"02090","09","CIUDAD DE MÉXICO","002","Azcapotzalco","0001","Azcapotzalco","0792","002",,"CARLOSRECICLAG@GMAIL.COM",,"Fijo","19.46288571","-99.18525105","2010-07"
"8343706","RECICLA T",,"434319","Comercio al por mayor de otros materiales de desecho","0 a 5 personas","AVENIDA","DOCTOR JOSE MARIA VERTIZ","EJE VIAL","2-A SUR (DOCTOR BALMIS)","CALLE","DOCTOR ARCE","CALLE","DOCTOR AGUSTÍN ANDRADE","262",,,,,,"COLONIA","DOCTORES",,,,"06720","09","CIUDAD DE MÉXICO","015","Cuauhtémoc","0001","Cuauhtémoc","1233","020",,,,"Fijo","19.4144605","-99.14811184","2019-11"
"8848935","RECICLADO",,"434314","Comercio al por mayor de desechos de plástico","0 a 5 personas","CALLE","MAR FRIO","CALLE","MONTES PIRINEOS","CALLE","MONTES CARPATOS","CALLE","GOLFO DE LOS IRIS","0","SN",,,"0",,"COLONIA","SELENE",,,,"13420","09","CIUDAD DE MÉXICO","011","Tláhuac","0001","Tláhuac","0170","006",,"TECNOLOGIAMM@HOTMAIL.COM",,"Fijo","19.29443458","-99.00660932","2019-11"
"732772","RECICLADO",,"434312","Comercio al por mayor de desechos de papel y de cartón","0 a 5 personas","CALLE","CUAUHTEMOC","CALLE","ZARAGOZA","PROLONGACION","PORFIRIO DIAZ","CALLE","2 DE ABRIL","36","A",,,,,"PUEBLO","SANTIAGO ACAHUALTEPEC",,,,"09600","09","CIUDAD DE MÉXICO","007","Iztapalapa","0001","Iztapalapa","2564","015",,,,"Fijo","19.35373414","-99.00409243","2014-12"
"651499","RECICLADO",,"434312","Comercio al por mayor de desechos de papel y de cartón","0 a 5 personas","AVENIDA","EMILIO CARRANZA","CALLE","CENSOS","CALLE","RETOÑO","CALLE","CUARTA CERRADA RETOÑO","412",,,,,,"COLONIA","EL RETOÑO",,,,"09440","09","CIUDAD DE MÉXICO","007","Iztapalapa","0001","Iztapalapa","0515","004",,,,"Fijo","19.37051906","-99.12540024","2010-07"
"851546","RECICLADO DE DESPERDICIO INDUSTRIAL",,"434311","Comercio al por mayor de desechos metálicos","0 a 5 personas","CALLE","HUI","CALLE","DZEMUL","CALLE","FERROCARRIL DE CUERNAVACA","CALLE","KAUA","37","MZ 939 LT 37 B",,,"0",,"COLONIA","PEDREGAL DE SAN NICOLAS 5A SECCION",,,,"14100","09","CIUDAD DE MÉXICO","012","Tlalpan","0001","Tlalpan","1496","008","5547530927",,,"Fijo","19.27775777","-99.24169032","2010-07"
"7832676","RECICLADO DE DESPERDICIO INDUSTRIAL",,"434311","Comercio al por mayor de desechos metálicos","0 a 5 personas","CALLE","MOCTEZUMA","CERRADA","PRIMER MOCTEZUMA","EJE VIAL","5 ORIENTE (AVENIDA JAVIER ROJO GOMEZ)","CALLE","CALLE DEL CANAL","212","BIS",,,,,"BARRIO","SAN MIGUEL",,,,"09360","09","CIUDAD DE MÉXICO","007","Iztapalapa","0001","Iztapalapa","4912","011",,,,"Fijo","19.35990823","-99.08454905","2019-11"
"7299150","RECICLADO DE MADERA",,"434319","Comercio al por mayor de otros materiales de desecho","0 a 5 personas","CALLE","MUNGUETE","AVENIDA","ALTA TENSION","CALLE","AVENIDA SANTA LUCIA","CALLE","CÁTODO","155",,,,,,"COLONIA","MINAS DE CRISTO",,,,"01419","09","CIUDAD DE MÉXICO","010","Álvaro Obregón","0001","Álvaro Obregón","0421","042",,,,"Fijo","19.37751677","-99.20115057","2019-11"
"9143232","RECICLADO DE MATERIALES",,"434311","Comercio al por mayor de desechos metálicos","0 a 5 personas","CALLE","25 DE FEBRERO DE 1861","CALLE","BATALLA DE CASABLANCA","CALLE","BATALLA DE CALPULALPAN","CALLE","16 DE MARZO DE 1861",,"SN",,,,,"COLONIA","LEYES DE REFORMA 3RA SECCION",,,,"09310","09","CIUDAD DE MÉXICO","007","Iztapalapa","0001","Iztapalapa","0214","020",,,,"Fijo","19.38135111","-99.06532627","2019-11"
"671940","RECICLADO DE MATERIALES CHATARRA LUNA",,"434311","Comercio al por mayor de desechos metálicos","0 a 5 personas","CALLE","MIGUEL ALEMAN","CALLE","EMILIANO ZAPATA","CALLE","ROJO GOMEZ","CALLE","MIGUEL ALEMÁN","6",,,,,,"COLONIA","SANTIAGO ATEPETLAC",,,,"07640","09","CIUDAD DE MÉXICO","005","Gustavo A. Madero","0001","Gustavo A. Madero","0385","028",,,,"Fijo","19.52395255","-99.1608164","2014-12"
"950943","RECICLADO DE MATERIALES METALANDIA",,"434311","Comercio al por mayor de desechos metálicos","0 a 5 personas","CALLEJON","JUAREZ","CALLE","JUAREZ","CALLE","5 DE MAYO","CALLE","INDEPENDENCIA",,"SN",,,,,"PUEBLO","SAN BARTOLOME XICOMULCO",,,,"12250","09","CIUDAD DE MÉXICO","009","Milpa Alta","0015","San Bartolomé Xicomulco","012A","005",,"JESUS.FM@YAHOO.COM",,"Fijo","19.20628382","-99.06967845","2014-12"
"946612","RECICLADO DE PLASTICO",,"434314","Comercio al por mayor de desechos de plástico","0 a 5 personas","CALLE","TULIPAN","CALLE","MAGUEY","CALLE","OLIVOS","CALLE","JAZMÍN",,"SN",,,,,"COLONIA","TEMPILULI",,,,"13363","09","CIUDAD DE MÉXICO","011","Tláhuac","0001","Tláhuac","1535","019",,,,"Fijo","19.27722835","-99.02933944","2014-12"
"8612256","RECICLADO DE PLASTICO ANAYA",,"434314","Comercio al por mayor de desechos de plástico","0 a 5 personas","CALLE","ANILLO DE CIRCUNVALACION","CALLE","ABRAHAM GONZALEZ","EJE VIAL","6 SUR (AVENIDA DE LAS TORRES)","CALLE","IGNACIO ALLENDE","462","MZ 42",,,,,"COLONIA","ZONA URBANA EJIDAL SANTA MARIA AZTAHUACAN",,,,"09500","09","CIUDAD DE MÉXICO","007","Iztapalapa","0001","Iztapalapa","1104","002","5610610929","EXTREMECARS@GMAIL.COM",,"Fijo","19.3576903","-99.02423977","2019-11"
"681193","RECICLADO DE PLASTICOS",,"434314","Comercio al por mayor de desechos de plástico","0 a 5 personas","CALLE","NORTE 77","CALLE","PONIENTE 58","CALLE","PONIENTE 54","AVENIDA","CUITLÁHUAC","2934",,,,"0",,"COLONIA","OBRERO POPULAR",,,,"02840","09","CIUDAD DE MÉXICO","002","Azcapotzalco","0001","Azcapotzalco","0716","017","5548707319",,,"Fijo","19.46457328","-99.1767869","2010-07"
"7193135","RECICLADO DE PLASTICOS MACIAS",,"434313","Comercio al por mayor de desechos de vidrio","0 a 5 personas","CALLE","ESTRELLA","CALLE","PLANETA","CALLE","SATELITE","CALLE","NAUTLA","8","LT1",,,"0",,"COLONIA","CASA BLANCA",,,,"09860","09","CIUDAD DE MÉXICO","007","Iztapalapa","0001","Iztapalapa","5130","002",,,,"Fijo","19.3345489","-99.06924932","2019-11"
"8377132","RECICLADO DE PLASTICOS SIN NOMBRE",,"434314","Comercio al por mayor de desechos de plástico","0 a 5 personas","CALLE","NARCISO MENDOZA","CALLE","EMILIANO ZAPATA","CALLE","ABRAHAM GONZALEZ","AVENIDA","20 DE NOVIEMBRE","407",,,,,,"COLONIA","Z.U SANTA MARIA AZTAHUACAN",,,,"09570","09","CIUDAD DE MÉXICO","007","Iztapalapa","0001","Iztapalapa","1091","003","5551043310",,,"Fijo","19.35779972","-99.02981143","2019-11"
"1050322","RECICLADO DE PLASTICOS SIN NOMBRE",,"434314","Comercio al por mayor de desechos de plástico","0 a 5 personas","CALLE","PIÑON","CERRADA","NINGUNO","CALLE","CALVARIO","CALLE","NINGUNO",,"SN",,,,,"COLONIA","SAN FRANCISCO TLALTENCO",,,,"13400","09","CIUDAD DE MÉXICO","011","Tláhuac","0001","Tláhuac","0753","031",,,,"Fijo","19.3036929","-99.01863384","2010-07"
"958224","RECICLADO DESPERDICIOS",,"434311","Comercio al por mayor de desechos metálicos","0 a 5 personas","CALLE","TULIPAN","CERRADA","CDA TULIPAN","CALLE","PROL. AQUILES SERDAN","CALLE","GERANIO","0","SN",,,"0",,"BARRIO","LOS REYES",,,,"13080","09","CIUDAD DE MÉXICO","011","Tláhuac","0001","Tláhuac","0946","005",,,,"Fijo","19.26379362","-99.0042291","2010-07"
"854773","RECICLADO GONZÁLEZ",,"434311","Comercio al por mayor de desechos metálicos","0 a 5 personas","CALLE","JUVENTINO ROSAS","CALLE","FRANCISCO TAMAGNO","CALLE","RICARDO BELL","CALLE","JULIÁN CARRILLO","110",,,,,,"COLONIA","EX HIPODROMO DE TLATELOLCO",,,,"06250","09","CIUDAD DE MÉXICO","015","Cuauhtémoc","0001","Cuauhtémoc","0108","006",,,,"Fijo","19.45939628","-99.1350985","2010-07"
"829477","RECICLADO INDUSTRIAL BETOS",,"434311","Comercio al por mayor de desechos metálicos","0 a 5 personas","CALLE","JUAN DE LA CIERVA","CALLE","CARLOS HANK GONZALEZ","PRIVADA","CARLOS HANK GONZALEZ","CALLE","PALMITAS","37",,,,,,"COLONIA","LOMAS ESTRELLA PRIMERA SECCION",,,,"09890","09","CIUDAD DE MÉXICO","007","Iztapalapa","0001","Iztapalapa","4965","006",,,,"Fijo","19.32956907","-99.09483549","2014-12"
"938984","RECICLADO LA TERCERA TORRE",,"434311","Comercio al por mayor de desechos metálicos","0 a 5 personas","CALLE","AVENIDA DE LAS TORRES","CERRADA","CERRADA DE LAS TORRES","PRIVADA","LAS TORRES","CALLE","XOCHITEPETL","0","SN",,,"0",,"BARRIO","SAN JOSE",,,,"16610","09","CIUDAD DE MÉXICO","013","Xochimilco","0001","Xochimilco","0692","016",,,,"Fijo","19.2512167","-99.03095515","2014-12"
"8138109","RECICLADO PARA EL MEDIO AMBIENTE",,"434319","Comercio al por mayor de otros materiales de desecho","0 a 5 personas","CALLE","MELCHOR OCAMPO","CALLE","JOSEFA ORTIZ DE DOMINGUEZ","CALLE","CALLE DEL LLANO","CALLE","IGNACIO ZARAGOZA","1642",,,,,,"COLONIA","SANTA MARIA AZTAHUACÁN",,,,"09500","09","CIUDAD DE MÉXICO","007","Iztapalapa","0001","Iztapalapa","1706","048","5530088457",,,"Fijo","19.34545511","-99.02882489","2019-11"
"770235","RECICLADO SANTA CECILIA",,"434311","Comercio al por mayor de desechos metálicos","0 a 5 personas","AVENIDA","TEXCOCO","CALLE","GAVIRE M. ABSALON PEREZ","CALLE","EUGENIO AVIÑA","CALLE","CUTBERTO AROCHE","1114",,,,,,"AMPLIACION","SANTA MARTHA ACATITLA NORTE",,,,"09140","09","CIUDAD DE MÉXICO","007","Iztapalapa","0001","Iztapalapa","0318","018","5541973166",,,"Fijo","19.38408011","-99.02177024","2010-07"
"7337683","RECICLADO SEGURA",,"434314","Comercio al por mayor de desechos de plástico","0 a 5 personas","CALLE","ORIENTE 227","CALLE","SUR 8-A","CALLE","SUR 8-B","CALLE","ORIENTE 229","204",,,,"0",,"COLONIA","AGRICOLA ORIENTAL",,,,"08500","09","CIUDAD DE MÉXICO","006","Iztacalco","0001","Iztacalco","0170","010",,,,"Fijo","19.39936011","-99.08064303","2019-11"
"8117262","RECICLADORA RECICLADOS DURAN",,"434319","Comercio al por mayor de otros materiales de desecho","0 a 5 personas","CALLE","NARCISO","CALLE","PLAN DE SAN LUIS","CALLE","MUITLE","CALLE","MUITLE","105",,,,,,"COLONIA","VICTORIA DE LAS DEMOCRACIAS",,,,"02810","09","CIUDAD DE MÉXICO","002","Azcapotzalco","0001","Azcapotzalco","074A","014",,,,"Fijo","19.46985982","-99.16568824","2019-11"
"823366","RECICLADOS",,"434311","Comercio al por mayor de desechos metálicos","0 a 5 personas","CALLE","MEDINACHELLI","AVENIDA","ESPAÑA","CALLE","LEBRIJA (REFORMA)","CALLE","MARMOLEJO","110",,,,"0",,"COLONIA","CERRO DELA ESTRELLA",,,,"09880","09","CIUDAD DE MÉXICO","007","Iztapalapa","0001","Iztapalapa","1890","005","5566475302",,,"Fijo","19.32306548","-99.07797714","2010-07"
"6307375","RECICLADOS AVANZADOS SA DE CV","RECICLADOS AVANZADOS SA DE CV","434311","Comercio al por mayor de desechos metálicos","0 a 5 personas","CALLE","REFINERÍA AZCAPOTZALCO","AVENIDA","FF. CC. NACIONALES DE MÉXICO","AVENIDA","16 DE SEPTIEMBRE","CALLE","FRANCISCO DE GAMA","242",,,,,,"COLONIA","SANTO DOMINGO",,,,"02160","09","CIUDAD DE MÉXICO","002","Azcapotzalco","0001","Azcapotzalco","0190","030",,"CONTA1@RECICLADOSAVANZADOS.COM","WWW.RECICLADOSAVANZADOS.COM","Fijo","19.49207401","-99.19017083","2014-12"
"8343715","RECICLADOS BOLÍVAR",,"434311","Comercio al por mayor de desechos metálicos","0 a 5 personas","CALLE","SEGOVIA","CALLE","JOSE SIMON BOLIVAR","CALLE","CASTILLA","CALLE","ALFONSO XIII","46",,,,,"C","COLONIA","ALAMOS",,,,"03400","09","CIUDAD DE MÉXICO","014","Benito Juárez","0001","Benito Juárez","0115","005","5585399784",,,"Fijo","19.40064835","-99.14305712","2019-11"
"706959","RECICLADOS DE MEXICO",,"434314","Comercio al por mayor de desechos de plástico","6 a 10 personas","CALLE","CHIMALPOPOCA","CALLE","LOS REYES","CALLE","RINCON CHIMALPOPOCA","CALLE","ZAPOTLA",,"SN",,,,,"BARRIO","ZAPOTLA",,,,"08610","09","CIUDAD DE MÉXICO","006","Iztacalco","0001","Iztacalco","0575","026",,,,"Fijo","19.39449909","-99.12020506","2014-12"
"7233776","RECICLADOS GARCÍA",,"434311","Comercio al por mayor de desechos metálicos","0 a 5 personas","CALLE","LOMA DEL PADRE","CERRADA","SEGUNDA LOMA DEL PADRE","CALLE","LOMA DEL PADRE","CALLE","LOMA BONITA",,"SN",,,,,"COLONIA","LOMA DEL PADRE",,,,"05020","09","CIUDAD DE MÉXICO","004","Cuajimalpa de Morelos","0001","Cuajimalpa de Morelos","0231","007",,,,"Fijo","19.3496525","-99.30985101","2019-11"
"664481","RECICLADOS GRUPO OSORNIO",,"434311","Comercio al por mayor de desechos metálicos","0 a 5 personas","CALLE","PONIENTE 122","ANDADOR","PRIVADA PONIENTE 128","EJE VIAL","4 NORTE (CALZADA AZCAPOTZALCO-LA VILLA)","EJE VIAL","4 NORTE (CALZADA AZCAPOTZALCO-LA VILLA)","668",,,,,,"COLONIA","INDUSTRIAL VALLEJA",,,,"02360","09","CIUDAD DE MÉXICO","002","Azcapotzalco","0001","Azcapotzalco","0881","015",,,,"Fijo","19.48829312","-99.16391139","2010-07"
"8117152","RECICLADOS INDUSTRIALES",,"434312","Comercio al por mayor de desechos de papel y de cartón","0 a 5 personas","CALLE","21","CALLE","10","CALLE","8","CALLE","23","275",,,,"0",,"COLONIA","PRO HOGAR",,,,"02600","09","CIUDAD DE MÉXICO","002","Azcapotzalco","0001","Azcapotzalco","0398","020",,,,"Fijo","19.47672458","-99.15597086","2019-11"
"664450","RECICLADOS INDUSTRIALES SIN NOMBRE",,"434311","Comercio al por mayor de desechos metálicos","0 a 5 personas","CALLE","NORTE 59","CERRADA","CAHUACALTZINGO","AVENIDA","CEYLAN","AVENIDA","CEYLÁN","47","A",,,,,"COLONIA","LAS SALINAS",,,,"02360","09","CIUDAD DE MÉXICO","002","Azcapotzalco","0001","Azcapotzalco","0881","020","5553687552",,,"Fijo","19.48831677","-99.16699786","2010-07"
"8137887","RECICLADOS ISAAC",,"434319","Comercio al por mayor de otros materiales de desecho","0 a 5 personas","CALLE","LEONA VICARIO","CALLE","IGNACIO ZARAGOZA","CALLE","MELCHOR OCAMPO","CALLE","IGNACIO ZARAGOZA","109",,,,,,"COLONIA","SANTA MARIA AZTAHUACÁN",,,,"09500","09","CIUDAD DE MÉXICO","007","Iztapalapa","0001","Iztapalapa","1706","049",,,,"Fijo","19.34599729","-99.02955203","2019-11"
"7400816","RECICLADOS NAVARRO",,"434311","Comercio al por mayor de desechos metálicos","0 a 5 personas","CALLE","FRANCISCO VILLA","AVENIDA","CALZADA DE LAS ARMAS","CALLE","IGNACIO COMONFORT","CALLE","JOSÉ CARDEL",,"SN",,,,,"COLONIA","AMPLIACION SAN PEDRO XALPA",,,,"02719","09","CIUDAD DE MÉXICO","002","Azcapotzalco","0001","Azcapotzalco","0627","023",,,,"Fijo","19.47671762","-99.22055436","2019-11"
"664177","RECICLADOS OLIVARES",,"434312","Comercio al por mayor de desechos de papel y de cartón","0 a 5 personas","CALLE","CENTENO","CALLE","COLORINES","CALLE","CIPRES","CALLE","CIPRÉS","234",,,,,,"COLONIA","VALLE DEL SUR",,,,"09819","09","CIUDAD DE MÉXICO","007","Iztapalapa","0001","Iztapalapa","1354","029","5510259309",,,"Fijo","19.34866864","-99.11766039","2010-07"
"8670956","RECICLADOS PLASTICOS SIN NOMBRE",,"434319","Comercio al por mayor de otros materiales de desecho","0 a 5 personas","CALLE","PEDRO ACEVES","CALLE","MANUEL GANDARA","CALLE","JAVIER ESPINOZA","CALLE","INOCENCIO ARREOLA","12",,,,,,"COLONIA","SANTA MARTHA ACATITLA",,,,"09520","09","CIUDAD DE MÉXICO","007","Iztapalapa","0001","Iztapalapa","0835","009","5513870277",,,"Fijo","19.36409831","-99.01936145","2019-11"
"7713900","RECICLADOS TELLEZ","RECICLADOS TELLEZ SA DE CV","434313","Comercio al por mayor de desechos de vidrio","0 a 5 personas","CALLE","MOCTEZUMA","CALLE","HIDALGO","CALLE","AQUILES SERDAN","CALLE","CUAUHTÉMOC","19",,,,,,"COLONIA","ARAGON LA VILLA",,,,"07000","09","CIUDAD DE MÉXICO","005","Gustavo A. Madero","0001","Gustavo A. Madero","1434","004",,,,"Fijo","19.48051345","-99.11722343","2019-11"
"654339","RECICLADOS Y RECUPERACIÓN DE METALES",,"434311","Comercio al por mayor de desechos metálicos","0 a 5 personas","CALLE","MATAMOROS","CALLE","LA PAZ","CALLE","DURANGO","CALLE","MORELOS","110",,,,,,"COLONIA","PEÑON DE LOS BAÑOS",,,,"15520","09","CIUDAD DE MÉXICO","017","Venustiano Carranza","0001","Venustiano Carranza","0348","011",,,,"Fijo","19.43929107","-99.08124566","2010-07"
"1038310","RECICLE HERNÁNDEZ",,"434314","Comercio al por mayor de desechos de plástico","0 a 5 personas","CALLE","AÑO DE JUAREZ","CERRADA","NINGUNO","CALLE","HERMENEGILDO GALEANA","AVENIDA","5 DE MAYO","298","SN",,,,,"COLONIA","QUIRINO MENDOZA",,,,"16710","09","CIUDAD DE MÉXICO","013","Xochimilco","0001","Xochimilco","0692","001","5517966872",,,"Fijo","19.25901113","-99.02628763","2010-07"
"664260","RECICLE SA DE CV","RECICLE SA DE CV","434314","Comercio al por mayor de desechos de plástico","0 a 5 personas","CALLE","MIESES","CALLE","CUAUHTEMOC","CALLE","ALCANFORES","CALLE","COSECHAS","290","BIS",,,"0",,"COLONIA","VALLE DELSUR",,,,"09819","09","CIUDAD DE MÉXICO","007","Iztapalapa","0001","Iztapalapa","1354","023","5555816011",,,"Fijo","19.3449456","-99.11416672","2010-07"
"8210194","RECICLEMOS JUNTOS",,"434319","Comercio al por mayor de otros materiales de desecho","0 a 5 personas","CALLE","MANDUJANO","CALLE","CALLE DE LOS 45 METROS","CALLE","CELAYA","CALZADA","AZCAPOTZALCO LA VILLA","41",,,,"0",,"COLONIA","SAN BARTOLO ATEPEHUACAN",,,,"07730","09","CIUDAD DE MÉXICO","005","Gustavo A. Madero","0001","Gustavo A. Madero","1082","010",,,,"Fijo","19.49146881","-99.14107022","2019-11"
"1011348","RECICLEMOS JUNTOS",,"434312","Comercio al por mayor de desechos de papel y de cartón","11 a 30 personas","CALLE","JAIME TORRES BODET","CALLE","SOR JUANA INES DE LA CRUZ","CALLE","RAMON LOPEZ VELARDE","CALLE","NARANJO","72",,,,,,"COLONIA","SANTA MARIA LA RIBERA",,,,"06400","09","CIUDAD DE MÉXICO","015","Cuauhtémoc","0001","Cuauhtémoc","0593","018","5555472647","INFORMES@RECICLEMOSJUNTOS.COM.MX","WWW.RECICLEMOSJUNTOS.COM.MX","Fijo","19.44467749","-99.15867456","2010-07"
"1038303","RECICLES MEMO",,"434314","Comercio al por mayor de desechos de plástico","0 a 5 personas","CALLE","AÑO DE JUAREZ","CERRADA","NINGUNO","CALLE","LICENCIADO MARIO ANTONIO GALERA","AVENIDA","5 DE MAYO","716",,,,,,"COLONIA","QUIRINO MENDOZA",,,,"16710","09","CIUDAD DE MÉXICO","013","Xochimilco","0001","Xochimilco","0692","001",,,,"Fijo","19.25864481","-99.02481876","2010-07"
"664894","RECOLECCIÓN DE MATERIAL PARA RECICLAR PEP ETC",,"434314","Comercio al por mayor de desechos de plástico","0 a 5 personas","CALLE","VICENTE GARCIA","CALLE","HERMANOS WRIGHT","CALLE","JUAN BRITTER","CALLE","EMILIO BERLINER","31","L7",,,"0",,"COLONIA","FUEGO NUEVO",,,,"09800","09","CIUDAD DE MÉXICO","007","Iztapalapa","0001","Iztapalapa","1833","025",,,,"Fijo","19.33228329","-99.10129847","2010-07"
"8603788","RECOPILACIÓN DE RECICLADO BODEGA SAN ANTONIO",,"434311","Comercio al por mayor de desechos metálicos","0 a 5 personas","AVENIDA","TETIZ","CALLE","CONKAL","CALLE","HOCABA","CALLE","PANABA",,"SN",,,"3","MZ 87 L3","COLONIA","PEDREGAL DE SAN NICOLAS 4TA SECCION",,,,"14100","09","CIUDAD DE MÉXICO","012","Tlalpan","0001","Tlalpan","0801","006","5511264394",,,"Fijo","19.28094238","-99.23241901","2019-11"
"9117858","RECICLA MAS",,"466410","Comercio al por menor de artículos usados","0 a 5 personas","AVENIDA","OBSERVATORIO","CALLE","CUARTA CERRADA OBSERVATORIO","CALLE","TERCERA CERRADA OBSERVATORIO","CALLE","PONIENTE 81","0","SN",,,"0",,"COLONIA","COVE",,,,"01120","09","CIUDAD DE MÉXICO","010","Álvaro Obregón","0001","Álvaro Obregón","0027","001",,,,"Fijo","19.40314441","-99.19574921","2019-11"
"900134","RECICLADO",,"466410","Comercio al por menor de artículos usados","0 a 5 personas","CALLE","ISABEL LA CATOLICA","CALLE","MANUEL M. FLORES","CALLE","JUAN LUCAS DE LASSAGA","CALLE","5 DE FEBRERO","284",,,,,,"COLONIA","OBRERA",,,,"06800","09","CIUDAD DE MÉXICO","015","Cuauhtémoc","0001","Cuauhtémoc","1159","005",,,,"Fijo","19.41653984","-99.13833881","2014-12"
"8634817","RECICLE BAZAR",,"466410","Comercio al por menor de artículos usados","0 a 5 personas","CALLE","DOCTOR DAVID FRAGOSO","CALLE","CEDRAL","OTRO (ESPECIFIQUE)","ARROYO","CALLE","5 DE MAYO","20",,,,,,"PUEBLO","VALLE VERDE",,,,"14655","09","CIUDAD DE MÉXICO","012","Tlalpan","0001","Tlalpan","2263","025","5537548415",,,"Fijo","19.26541634","-99.16025647","2019-11"
"9183272","RECICLE JARCIERÍA",,"467115","Comercio al por menor de artículos para la limpieza","0 a 5 personas","AVENIDA","FERROCARRIL HIDALGO","CALLE","VASCO DE QUIROGA","CALLE","16 DE SEPTIEMBRE","CALLE","CERRADA VASCO DE QUIROGA","6","M",,,"21","L","PUEBLO","SANTIAGO ATZACOALCO",,,,"07040","09","CIUDAD DE MÉXICO","005","Gustavo A. Madero","0001","Gustavo A. Madero","1006","010",,,,"Fijo","19.49650668","-99.09501278","2019-11"
"958568","VENTA DE LIBROS Y REVISTAS Y REVISTAS RECICLADO",,"465313","Comercio al por menor de revistas y periódicos","0 a 5 personas","CALLE","ROMERO DE TERREROS","CALLE","MIER Y PESADO","AVENIDA","COYOACAN","CALLE","LUZ SAVIÑÓN",,"SN",,,,,"COLONIA","DEL VALLE NORTE",,,,"03103","09","CIUDAD DE MÉXICO","014","Benito Juárez","0001","Benito Juárez","0242","004",,,,"Semifijo","19.39477484","-99.16635271","2010-07"
"673678","RECIMEX","ESSA RECICLADOS DE MEXICO SA DE CV","541620","Servicios de consultoría en medio ambiente","0 a 5 personas","CALLE","BUENAVISTA","CALLE","ORURO","CALLE","LATACUNGA","CALLE","COCHABAMBA","124",,,,"13",,"COLONIA","LINDAVISTA",,,,"07300","09","CIUDAD DE MÉXICO","005","Gustavo A. Madero","0001","Gustavo A. Madero","0953","021",,"INFO@RECIMEX.COM.MX","WWW.INFORECIMEX.CO.MX","Fijo","19.49126404","-99.12785129","2014-12"
"946301","CENTRO DE RECICLADO SIN NOMBRE",,"562111","Manejo de residuos peligrosos y servicios de remediación a zonas dañadas por materiales o residuos peligrosos","0 a 5 personas","CALLE","MAGDALENO ITA","CALLE","CALLEJON MAGDALENO ITA","CALLE","PABLO BANUET","CALLE","ONOFRE CAPETO",,"SN",,,,,"COLONIA","LA CONCHITA",,,,"13360","09","CIUDAD DE MÉXICO","011","Tláhuac","0001","Tláhuac","0931","023",,,,"Fijo","19.28756751","-99.03831249","2014-12"
"966664","LIMPIEZA Y RECICLADOS DEL BAJIO",,"561720","Servicios de limpieza de inmuebles","0 a 5 personas","CALLE","LAGO PONIENTE","CALZADA","CALZADA DE TLALPAN","CALLE","ROSA BLANCA","PRIVADA","PRIVADA DE LUISA","16",,,,"210","B","COLONIA","AMERICAS UNIDAS",,,,"03640","09","CIUDAD DE MÉXICO","014","Benito Juárez","0001","Benito Juárez","0505","019","5556726567",,,"Fijo","19.37935391","-99.14064802","2010-07"
"8116988","RECICLADOS",,"562921","Recuperación de residuos por el sector privado","0 a 5 personas","CALLE","15","CALLE","COOK","CALLE","TONGA","AVENIDA","CENTRAL","399",,,,,,"COLONIA","EUZKADI",,,,"02660","09","CIUDAD DE MÉXICO","002","Azcapotzalco","0001","Azcapotzalco","0379","010",,,,"Fijo","19.47531745","-99.15961598","2019-11"
"9193362","TALLER DE PINTURA EN TELA Y MATERIAL RECICLADO",,"711510","Artistas, escritores y técnicos independientes","0 a 5 personas","CALLE","FELIPE CARRILLO PUERTO","ANDADOR","JARDIN DEL CENTENARIO","CALLE","BELISARIO DOMINGUEZ","CALLE","CENTENARIO","25",,"MERCADO PUBLICO","1","123",,"COLONIA","VILLA COYOCAN","MERCADO PUBLICO","MERCADO ARTESANAL MEXICANO","123","04000","09","CIUDAD DE MÉXICO","003","Coyoacán","0001","Coyoacán","0130","020","5527786357",,,"Semifijo","19.34999428","-99.16298672","2019-11"
"741632","RECICLADO DE CARTUCHOS DE TONER SPITT",,"811219","Reparación y mantenimiento de otro equipo electrónico y de equipo de precisión","0 a 5 personas","AVENIDA","ACUEDUCTO DE GUADALUPE","CALLE","NARCISO MENDOZA","CALLE","PRIVADA TEPAYO","CALLE","PÍPILA","205","2",,,,,"COLONIA","SAN RAFAEL TICOMAN",,,,"07359","09","CIUDAD DE MÉXICO","005","Gustavo A. Madero","0001","Gustavo A. Madero","3360","006","5557547176",,,"Fijo","19.5123356","-99.12409622","2010-07"
"7832756","RECICLAJE RECICLA Y JUEGA","RECICLA Y JUEGA ","813230","Asociaciones y organizaciones civiles","0 a 5 personas","CALLE","CAMPESINOS","CALLE","ARROZ","AVENIDA","TLAHUAC","CALLE","VAQUEROS","393",,,,"0",,"COLONIA","SANTA ISABEL INDUSTRIAL",,,,"09820","09","CIUDAD DE MÉXICO","007","Iztapalapa","0001","Iztapalapa","1208","003",,"RECICLAYJUEGA@HOTMAIL.COM","WWWRECICLAYJUEGA.COM","Fijo","19.35218381","-99.10504662","2019-11"
